name,password,email,is_active,join_time
CRdFAZOU,f22db5433a46f91df92ddbd49285d6e002fde9a4429af355b5005c9423e84197,SdRXgko@qq.com,0,12/04/2018
uo5ru,8497c06170ab42236c5a5f2dc3806e6fbb22a089014914f621bff5ca20ab06a2,1ZN@126.com,1,05/09/2020
HiHYR7vk,aa3306a72747586fa2214318b5db6c54e683abf677969ab339db3ab86b33bb83,GTmk5i40@outlook.com,0,06/19/2021
mbT,642f22e87e87aa3034682835110d55adc55ad76b57f83b708c3ead315ea9c983,iCYq@gmail.com,1,12/06/2020
Arr85l,0715c948f14a0125b193e6b4a20e044f017def01e76008fd6d9952c9f976365d,rwMHA@qq.com,0,02/12/2021
Fceb8,dd83fde7f1e2dbfe314c4aa7bc779fb1a84bb710459073f28e11385bf1fa76c5,gw5BvGh@gmail.com,1,12/01/2018
8tim,257c382ce61d7ea47e5ce8231f86cba116db96fd019a71543e438b350bd37b64,qJq@qq.com,1,11/02/2019
iKL,89c89ed3ebb67fb452abc09ef70901161dd52c999c8efd062bd627ba502008da,7XwwA5@163.com,1,01/05/2020
iWC,c9593403f680ed7570f715789abf4dc8862e1b4b6e149d5c4da62d43d805262a,idpU@163.com,1,01/21/2020
0zj2PMp,cd4e3ce8352364e3fcf9b665c16b4d6cb549a9458c7cc5e4c992a259a927e60e,e842QLMo@qq.com,1,03/15/2021
Yr6i,ace6c1988994f975fcf0b8b1d454b6c7e872041183f2a6ec0a678d7af6fc2e08,dL5ENG@gmail.com,0,09/30/2020
L6VKAEu,789165259e0a193dda17333ea40c8a6146999eaf1096e9b821cd8e5c4ad3b7aa,zlvKU@outlook.com,0,02/18/2021
gW5opGT,a7e2c441ab90ef4ce137bf21f258c4a1722c0b49c4da22a0a7d1bef49484806c,zlv0L@gmail.com,0,06/16/2019
ilTt,45fecad2666871ea5c251b8ba6be470b1cbec536618f6ce830df5619efbe1e99,8XlFOL@gmail.com,0,03/15/2020
JN1up6,9ff1b3091244e3709ea96a699c7119cdf680bb820cb6e5182de3d84e7eafe7cd,he3@163.com,1,01/29/2019
fk3evB,8ed17e5771f762f08c13c2d4f99978c9bf821fe0dd40968f11f3c5f435960a74,g6fSuW0Q@163.com,0,07/01/2019
KXpZgE,79350da581e42232f5523a851735ae48995e5992d19f9c2ae53152eca8a027b0,VGk@126.com,0,01/29/2021
TX8R7j49,2e943bccd7920b246351409aa7e4f0cde907107ce30b639360953bcb95ddc6fb,KBJFvU@gmail.com,1,11/14/2020
Tcw8AtfN,35ce3946a7279f22de52197b247784eac1f6b54fdd4bfeeec5bf2c5b8f9d71f1,kGP@gmail.com,1,11/06/2019
VOm,2e147609738c6ec4321b4fce9b40af944e8174107c4528da0df17feefb4cb2a4,vH2aQwa@126.com,0,03/17/2020
HPNbceAM,425fe4f6804083f1b4230e9d97452ab6f5482501b28df672ea903f89e6633237,GL82ZFt@126.com,0,09/18/2019
qjWA9VP,e8e228dc12511f4120d8ef0404a9d5bb3b681f819a2be7319f4b3c79762baef8,ESd@gmail.com,0,06/16/2021
5LJR,ea7140d4d22792ca5223e5c38a58d6e773b79431a9ef455ba553cdb3adbbbf09,5AX@outlook.com,0,06/09/2020
dUqwlB1N,58c15cc8b9477b36b145b4907858c2a4395405e3e0d78eda8a5425d65d2acc91,aDt@qq.com,1,12/14/2020
mPse,a6d408bab1e7e54a19b53f213d3c85c7c59eb394d38d9dfce6afa7d9ff60db09,j91tsNIw@outlook.com,1,12/13/2019
9NBud,6590871523de0cd712ba27559e361674fd941275040982af16c80c26a23eccc6,odiOX@126.com,0,02/15/2021
QInQZyk,38d2f63c77a53ff65496451b5df125a781543edca40d1a9385cba56e490d7238,Eu6j@163.com,0,06/17/2021
o9PKtxka,040beb0a4bffb6185be128cd554b6d6e407b35f86b29edf233868ba9d31f6100,oGDaiCu@163.com,1,09/12/2019
a40tLw,6362143f1efc9cb629d155ddb1e83865bdbc91384b16518d6d641563ec62167a,WI39zZ@gmail.com,1,01/23/2019
5hUSZrK,88e985cd30b8683dc2d9fc14e735b5a4c26ed519794c5e08f674880f0b8a600d,LnoP8e7M@qq.com,0,10/21/2019
u4xkce,6cf77309dac8c63de37d8bd8f8dec8517e16fbf62fbbfb37309cfd486e104721,6XVF5xy@outlook.com,1,06/01/2020
cMjrNtkT,c2d59d78f4f1978ee608b89e2659a78a773f651c01e91d2456ac36b5ecfa9718,3ve@qq.com,0,01/12/2021
BlGRC,0d21e6cada7f774350113651e5f3c9131cf51adda8671dc290f1c50e7337001f,JdOoe@qq.com,0,10/26/2020
CAWr,579c6ff2f56d82f3029d9fbf9b35ac059b4cd432fc4585ff70b40552d38f6ad8,0UyM@qq.com,1,03/27/2021
yf2a8Q,ed5fe31aebbe2715c187985ebeffe6961f0acc18d6d315793f4ebb95db45451d,u1L@qq.com,0,01/06/2020
BcEq,2a9ab119bb1adc371300500871cf524c98fcf1e78e239add3d1303282c8013de,aUqzuG5u@gmail.com,0,08/03/2019
D3Y,b2e46b864e0197bf582e2d91e55e2bc28d43c7314a1775891fac9da54d92ed4f,s6fzLGm@gmail.com,0,12/17/2020
IbY7Yl,8f32f32836ae0ec23d93510df49387c83301f2d6a4a7db9ef63e81013f105086,zPJkf@qq.com,0,04/18/2021
Uav,0859fcacb0cd46bffe00423bddcf8bd58e6da9da31707d83ebb6e4f13210fbd3,3ZuQ@outlook.com,1,06/15/2019
Zy7bPz2,34822fbee78524142981ca3025bce207a888524fec55525e3010ed56bfd52afd,FQcGrtn@outlook.com,0,11/12/2020
vzhnEbtA,47a6af271950cb1dd73a646270549d749e54e3356faa0eaddd0d845025bb115d,0Ibspi@163.com,0,07/27/2020
aHpz,d63274084a78fe09e87ebb10d49e4b86d0d1520e2b2dd0a0f71eac147095728c,TkoSX@163.com,0,03/10/2021
J0nhyBAa,560e6986f3edc4bc3753f27214859c59b0b480ef5d445aa89e8ac640ac518ec3,wHoc6HE@outlook.com,0,11/18/2018
uTOK,e8b51df874c7063df18fb5234fb412c7caf6ad74144216e23bc7337357f002f4,6Zy3F7@outlook.com,1,06/20/2020
d3u5nli,6755ebc706fa8539fe4e61c22f0bfa7f8fe9f71e6995cfaae65a3269583e8927,8OvxIcH5@outlook.com,1,03/08/2019
oTn7,ca339ad5d81efb6c76f0b6221cbcebd10be7baf43b3c06e1e052df3035a8c1a5,7WK@163.com,0,12/14/2018
tdRTW,ccd076f5918017da117b555f9fb6831026f233cf11d87352bc6a8d7afdd1aba0,5ER@outlook.com,0,05/20/2020
3MIxdL,dc23b076102842f73fb251f66f1cd75bddcdaa91a344230dbf26103080b19fb0,zw0a4@163.com,0,09/06/2020
e0aPg,4fd6cb25cdadd6338dbd24fadfe3d5fe99eb02cf6da9cf3d31bc9584bd6ceffc,a5cda@gmail.com,0,02/24/2019
xrbkX4,d9bd60e75d7defa7979e9177e25b35a41dd7767db443afb7209d6388af980044,74WYCO@126.com,1,04/03/2019
tfnT9bT,24b68bb65701848e1978f7f2ca4aee737699d262922c470cec4b2fa1cebc764c,hPnl7Zc@163.com,0,10/20/2019
j0Qd,1cfa4002c427e6d2731acd53fbfc1e807f3b0e78530a209ba62402ee42e7fbb9,0SM@126.com,0,10/08/2018
B7WV,00c73e074f42ef5afa4e6c38b4cdcbfb956c3172011ead9a484398f9d9999c39,xZYV@outlook.com,0,03/16/2020
NiuLwP8V,1b2a6395fa6b9a23ceaf6f6f6a6f51b67913938dc267a078bbda4193f84385d1,7v3Xhj@163.com,1,01/03/2020
ZyN,9c1031e283914bbf44fa77e28ebe2f96934a11bdd47d16aec51c84d2198ad991,Jue@qq.com,1,08/14/2020
8MQZPaiq,dbaa7791474e0491b574728d5d9112ff87e53709cd06c31a317d0eb979319858,HybkQXc@126.com,0,08/15/2020
FRNE,87129915d681c61488ad20a4f9555dc6c892fa34b11fc171dd82262dca8a84c0,BbW1p0@163.com,0,05/01/2021
LIcA5v,f74145ff21ae5ea4f8a71aaff1f4d5271ad7e8a0307e6794bc11be35db80b047,Rec@gmail.com,1,03/09/2021
OveK54,37a51fe0132fe0ca460c7e0d82957cf7f45edb8472a593bcb939075c713edba5,5Q0FTJ@qq.com,0,11/05/2020
0MqIjh,03efa7bf6f003ea9a2c8db29346b573b9872d462919dc0ec934434931d85befb,mEbowaG@163.com,1,03/31/2019
0vmlL,b09970ff92d41eb99700e0e8cda08bc7ce8dc952dcd9277c4a72288c625f5b9f,CoxZ4xUN@gmail.com,0,07/06/2020
FPBJ8,e45fd4181d1f95e3a835169a725728147f5c9a1237f5c893cf511e5e5659b375,UGxUItPd@126.com,1,06/20/2019
sko,0521aaeba271635b90601587604cbb5cfbef1756da73d9c9573dd3851ae66824,L3h0@qq.com,1,02/26/2019
r7Iz7xB,7c02a58079141dd16b613ef471b809d4a7b52420f1fa6cace5c5646d4eb32766,UJQxDxk@126.com,1,03/06/2021
u63DOX,d65a2feaf25d57c0493c06a5ade4d77fbafebd19650598494ab1e5c65602e792,4HptE@gmail.com,1,03/13/2021
9lC,86d31e292015479836cb8247fd840eb0acd18613a63af80dc64ee639bf6c4fec,Visc@126.com,1,07/11/2020
H8q,13d45f21d3a0dd2a43c7fd622544093fea833146e0ff1fddcd6ee4f332951c20,tBhL3p@qq.com,0,04/24/2019
2WeoLmg,21bed267881948159c45876469b28d1558f43587cf2f31474269ce5ef7b1f8ba,WHe2@126.com,0,01/08/2019
iyaNw,f8fcf3ac29ed9ef74269f80a935c0d4ccbf259296f99cc260990eaba6c1cd936,CmiNdR9M@outlook.com,1,03/18/2021
LJzO3,13a8832d4c471f9a6f68193672bb1e1a4584280dbd19d8bec44d497e1896ed14,nFbSj@outlook.com,0,03/14/2019
Ojzq,46748821ff1ad271217f14effbb939d754a6e5b97ebd16c5fecb2ce7f4b7a41d,zxdMvjq@qq.com,0,04/15/2020
lXV,ec010ffcbbf7bc69a22b2f5cc7fc8249461584466dda5e8fa9b97e3aaa8584f5,DbR@outlook.com,1,05/25/2020
p7w2SA,1dbaff32f2d60b5dc66cd6cd4d0f3530720a858e5a246b4a91cb2b61d4c2d471,Kfo@outlook.com,0,02/16/2020
0C4veo,453e770d1697d3bf6717c16ddba89a2f139100b5ad9c509307ba5171916bda3e,SUg5lZ@gmail.com,0,05/15/2019
iSjis1OJ,64b930f05838541c5706dc186bcf422b589e86a7ab44f7763183e68749f64479,7Rj@qq.com,1,12/26/2018
GApDKb9X,8a50273044e99b6bef814611003e7d1e74b22b4fef38c11fc8264b0689a1e2ee,KnKaV@163.com,0,05/09/2021
jySvWb,50c1de2f548ba1391a073d901ae16c922d946ed2c93d7f7144adcbbb0e7faec1,ng5sbu@163.com,1,12/22/2020
FbOm,0cca1c5002adc464333fd6b6b91ac21028683ac2f638d513acf4e58a863736a4,husUiJ1K@outlook.com,1,02/09/2021
URvz,b4b6e01948d84c3d44170d9930d6bbd5bbb3006d3b66b4ee06eb730721f47344,jDmdF@gmail.com,1,12/14/2018
Cz3s,f3cfbf4deb84971bcb54f528424bc79ce15b5d105a7d934a5a794838b3edff7b,yq99vPNu@gmail.com,0,07/04/2020
rfpc94Si,a99ae66fdcccf7c70e0b9dc127cf1cfe202d8a305bd6d0f28fa9278ad9867ec5,0T6@qq.com,0,07/30/2019
kaoC,9c7dd207bf7d364c68ec0e05eb5dd44b0fe04e9218b190e4c7a5717c41081789,sgAl0@163.com,1,01/30/2019
ZLQ,f0e32daf8ef707d219644c69436fb0713b24c15a79bbb4e0572c8f8fdc90a29c,jNf@126.com,0,12/10/2019
CgZ,2af033f7d52b703234cd0045fcc234c5f645501528fdf590765c2f3e2212edd7,DTadLh@163.com,0,03/18/2021
AZP,c61debb6f3e82116f9ae4051b1d32b16f50ebfe37914fdcfcf7cc3e324d2e143,0zsMMHSG@outlook.com,1,03/10/2019
tfC,ef557f4d5acb6d6bf0adcc395b9782c88fc19b8ed3db0b81acf57401a92c444f,NSYz@gmail.com,0,02/08/2021
iD3b,8cb571ca21e9232fccbd1dbbc26dbf70bb939c1f202f0b4832f4eaf84dbd4c45,J6uXCkpq@126.com,0,10/21/2020
UyJ6ckfb,aabdf0a84260030bc938f9fde92e0032160db5237fee6cf84d9f21a6d3e884e8,B2kUXRe@gmail.com,1,06/18/2020
q0sa3To2,cbb9815f041aaae317b7f12d99708d2f36727ddc215c4bd7ca005cef905ae0b5,ZDzN@outlook.com,1,08/31/2019
5kE,a8ad7d6764ddbef768c86d3823c90f52b377fc8108e3ecb06c38ac7ccdbe5f98,TL1jkKtE@163.com,1,11/16/2018
wYOCrPe,545f5e768a5f475dd0547bfede03daa45ebd82b1f9aa211a48f737e0bfbd0f08,S75c1MGm@outlook.com,0,05/08/2021
XqOnwA,115a1d91b490328cadd2aedb5f3c69d70080aa540b6649da520430a41b8cde80,7g3u@outlook.com,1,09/19/2020
JOq8Mzr,4dc71ac58728d528a2ae94eef04ba8122047ba67a506603c718a33de3c8fd0ec,oJk@qq.com,1,05/06/2020
XAzWeveD,7b748129d625d568027a40d47180eb74eb97a25e788f584371e808a72cfc6219,HvryP@126.com,0,11/11/2019
QlxH,2991347688191920e8f637c7df7b479002cafdcb6bb6739d2f09bbb646ebd433,joRzWH@163.com,1,08/01/2020
DCEV9mg,e8ae2780e970aa1907be1f4dce68b8b8916def12b23952fc1ba4efc261d9476c,JBy9l@outlook.com,1,11/17/2019
L5TcZtCY,f68a41bf1b7ba8d80543ae624a216975a4f1a411648bf11c18831c1a95004561,FWuo@qq.com,0,05/28/2019
YyPxwvJW,3997763b0c7336a0f79b42e52c34390a1da45a02065af09f36dff0bb9f030356,TogPjyh@gmail.com,1,11/03/2020
1WdoWXj,ca102ee638fc3372fa754489af3534d0f93f8eef8d3d736c5d02a892a4b1a643,hBNkFs@outlook.com,0,01/20/2021
sO6dPvSW,07e82419260590ebd31542f8e0fe3b9ad9fcec0e8f858adab9dff7ea6074a293,efDDqNx@gmail.com,0,01/29/2019
phe0,e2e9308048ca3422165a3224aff1ff045c4cd58aac8b46a8c20926c317416d2c,4NgK6@qq.com,1,09/04/2019
iGIst,142878a5361fbaa3b57512933190f8eef1af215c544307b820b9646e9fe44a01,ON8P@126.com,1,06/12/2019
ZnJmYy,6bdf9afcb2344ac281866cbb4339e1352859638478196f6d6e3455e9a79c6828,3PaOTz@gmail.com,0,12/18/2019
L2QS,919249e30d1c7cf4341eb70f17f941746fd8877639fa374e499ed1f46ca2aa5c,WXkN@163.com,1,02/27/2019
Va0JzHlW,8421aeb42a263ca3f758e8d85c78a774797650f5b3ce384997ec85672ecfe470,rb7x1@gmail.com,0,05/01/2020
QXLUhEJg,1b2d47956ac6ca17753dce2375af849f32395d4e698afa7c92b778108d0d7443,CNe5VJu@163.com,0,05/08/2020
OAzesC2t,e23ba259755556c5b0af3c487345b062b9d020eb63eaad2d34785eb7b7bd4189,WF5awn@163.com,0,08/03/2019
Cqv4SON,8800c7e83e689bc13b22a0dc5399c384b84b045479ad421949df4f359af4c5ce,c1zp@126.com,0,05/24/2019
kKmhSOAy,b10f7638922e5f3ac6db41c6e8b6c6467d41a77e00ef44d37fa52f52ebecd594,5LqcDW@126.com,1,08/14/2019
RIt1J,890cb33c872643b21af71e0fcf92ca344496656954fa1a3bac85d83a20651bcf,aLloC@gmail.com,0,05/01/2020
zqx5G,72497b63366d9b24d944667af532f42f42a828659cf414b41f305706124b493d,Sc2d@163.com,1,04/06/2019
cABlqy,75894cab7fdd7742b84eb080f2dc38c89c010fb8474b0b0a3bfe3684073eb3d7,5Wa3H@163.com,0,09/11/2020
tuwaDL,15758076923fa2c5dd9d5a34ea9891a67e7e8c5479acdc3a80d28a1fb755ecea,Ff7dGZo2@126.com,0,01/25/2019
C0qYr1,174904fd3024a30863f79cf6f4e68dfb6c5363bb0eba0b107f5b257a9617711d,9aFNNzH@qq.com,1,06/04/2021
XoAJ,3a7c6d5ca2e8a0a629d7b5d23f2adc46f2910b303cd78651c275e4789499d724,rGDpuSa8@126.com,0,03/28/2019
lDLYWUA,63c0212a6670ab873b4e1db81f56732567cebd8e992268413c9c4d15235967b3,ACVQ9fz@outlook.com,1,12/04/2020
tIO1,a7c5615f0a281e74c4e1c790a97ffa9a3977d9c659cbf9295affcb200463f754,7lEoazYh@gmail.com,1,04/16/2021
0RiD,8242c342e689664c0227adf5bafa51d6326c2de642ef2ea9696ab39104deede5,AoS@qq.com,0,09/04/2019
PLTjFG,6e49158d255fa9cbf15f5b151f97ed49ccf36ef07e73b6aba0f73e7ef1cc6003,06Sungdx@163.com,1,05/11/2020
0DQN,e69a69d47f14ca919085c6b2f69bae4743b6000879e3ca8dc8652c9075aa1425,GdaeZnCD@gmail.com,1,06/20/2021
VzW,c97ebbe7c9662b92e50ff6f4f277471b628a40effa6505a135a826ac6bb31383,sroT7mGI@163.com,1,11/10/2018
ke7UCMya,a6646248222e7e7c0d13580f06793403676b138450fc5276c9269ecfbcbd4b7f,E9FImeF@gmail.com,0,11/13/2018
Xq8,adaefaa06840e21dead0eb57873e01874914d266a2d60899bd605ff96625963f,JP8Ov7@126.com,0,02/08/2020
b2RNjcn,5cc2a031c2cae06751dbb66a53e15f15d476a77ec3ef162d2fc7eb0903eb5747,OlblM@qq.com,0,02/15/2020
CZq,2f4da364cac9d8401f0d94426fdaa90d7564c17abadc499a138c6f6f907084d0,uUhRoaFt@gmail.com,0,10/19/2019
de9r,62ce4c18fb7b47029b8f98ee4ede74c77128c63536bdb79f39f5791f80fd5e55,OnY5yvH@126.com,1,01/09/2019
tnfhpG,c38b6fc3e3faa6d731fd15783aebae10ccd1e20d5fae7c867fbdf9eb0d20a8a6,SgyK8@qq.com,1,11/21/2019
48Em,a2a4ac1d416f28ea3e0a9c5abffc8ea6c883c4a463c0c063e177f36041eecfd8,rpHAeCs@gmail.com,1,08/29/2019
AUy,9da6cec649042805d8bdcc8b619c1b057ee60bcf780fa91416b7a9c7100fbe73,NOF3@qq.com,1,03/29/2019
qUXM,4a5982766d7b3a435016063d59c9a512660714d992a80fab95227757a5d714d2,m7fT@qq.com,0,09/13/2019
Mw0u,3032379057c53fdfd974f5b80efa28074ffafcf0183c82b306b911b62650f935,79kFL@gmail.com,0,07/13/2019
QIFgrjJ,09dcfbebf7cbe7c593f8978c1844cea4d64212f023278eb6caac6b17078e8f40,TgJqOV9@qq.com,1,01/15/2019
IAYWX,695ad8c29a330ccbc6d47297d025939a5596c5d6db32e78beb7d10c3a3ceb7df,2aB7I@qq.com,1,12/18/2018
IWO4F6T,20cff35e4a5539bf3a6206cda5c3fb473a804c28de4a14fbd0514f0259de3f69,HF1VCJ@126.com,1,02/02/2019
H7mjNL,ece538ec89b164ae3096281c9dd1af1ef4e1fd6f87462ed04c39ae54374016d7,74Uwq@163.com,0,04/20/2021
Nx4wlvQ7,201b52bc8c945337ac0ccc25ad8ea858c2c162fb5fed87cd91de7f4f62e05448,4LD2b2@outlook.com,0,12/12/2019
8BAF,1d6f1163a01bf068d825055fbf6abfa6c1770ddd3edc29727e9ad33744bb383a,pEwQ7F@gmail.com,0,10/01/2018
UHFMf,a35a05a45950a96e5a9b92fdd383eaae6f87eed92e1048c7cd1ffe8f78d04c2d,b0EPTDfn@qq.com,0,07/23/2019
4TMS,95f428250fe5a6b81f9da5cc32c6044e5b1a826abad6e580b977f7f02cf8d16f,CxS3@qq.com,1,04/29/2020
F3sJmQd,15f6f80bdf158bbe058ceda74405332b6652041dca70f262b9639ebac019486c,cCEnw4H@126.com,0,06/05/2021
lQ1C,bfdcce50c89f86a0ea85e54e0cb013e717afed9c44b1345aa9c084a84f380290,WH0Z2@126.com,1,03/10/2021
9lFfj5k,166123fa32906f15d5b25dad4827fdd19cd987e969364117f21f1afb519de593,dtZVCJp@gmail.com,1,03/19/2020
yzISUwHJ,89b8c26c26a2a8d46f1a2a1ae74996b63af5849a22d69cd10423a17eba309374,wt7WtT@outlook.com,1,03/24/2019
Krjytcqi,8bbe07cc93ad9b6cc86e8fde00a16f8d80d3a93e6a22755f873569de56d17876,Fn25WL@163.com,1,10/30/2018
GDkvcq6,cbcd3481543039051c297760ef822854d94c48a7da75f475b1ba6e90d77b3bd0,4B0bWu@outlook.com,0,03/07/2021
OxP1,c38e8670117f8ef6888bdb8db9636682fd4b5988dee96eb75a9b6a6a52868ddb,0A32J@163.com,0,10/19/2020
n5Umtz,1104475d74e23da79291bd31c68b64e54fb1da5bf97ceca839c6709359c4a23c,dsHXp4jm@outlook.com,0,07/13/2020
uzUgrtf9,93a5137b7af48e19e40b04dfc2ec7595ae753fd6b8ac31ba4c631d0412fcf4bb,5gD2dfB@qq.com,0,08/05/2019
Ecdw,b528ca13aff78a832dd897b2c5e8573ba65ea665eb02c0c05133069a292875e6,mFs3@126.com,1,10/27/2020
GLj9fG,ac126e15d224f5e67087d92d8ced37f460dcbe035511bd588a01dec093f4890d,BBjl0@163.com,0,06/03/2019
nFuLKHBf,7ca75c7004ce078b451275f408eeb8dae7429b9b41225121d808f5fa1fc154d4,TTcrvnk@gmail.com,0,12/23/2019
kz24Y,3fa8b623668c59eb475a9833c61e8709a336a9cc1ddc8802b758a5fcc9110656,TeS4m@qq.com,1,06/20/2020
6jN,416b3910fa427f4efa27874829bc0287fa7e193ea614d87af1c4d64aeb750a6c,XwgFOG@qq.com,1,12/02/2019
N98,8f6c82d52729d35c131dc4c5d9214f3353f9b8c24ba04de82f9e01df769f8f8c,1OzS@gmail.com,0,10/13/2020
VWk93,ccc9f2e3ae43fd79d8f2c9e5a08e68a1f0b132a78f820bb201ded0089147401d,uI6Y9E@outlook.com,0,04/23/2021
bjoxcmEO,228de2781468d0255ecf6f9067dba686fa24ff197d30003ea09dc49675ad37da,0Lv@gmail.com,1,07/25/2020
LsG3i,97cccd07f5df61cadff32b174b172b85f017d1d2c69ec5654eb7c67f025ffd99,vMl@163.com,1,01/21/2020
MyVD,33f2e5e7bc075224284ed34230a5e28d01e4048620386225ff0dd712aa4f9caa,fPZMA8J3@outlook.com,0,12/04/2020
iGX,4a428a0d0548ddbe0e7ba9ab0a25cfcfeb3ac4817e2c28e38428cffb32ab6299,2y7cXy@163.com,0,06/03/2020
lr5zhc9d,34ac91e88b728e5da43129193112c9a96e59af7a40478bcf36d3735d1a87f2cf,iZpq2E@163.com,0,06/12/2020
NZrkqV,277d487249ff8475917cbcda48249d646a30029205c30b1a926450ffbb3a5231,ZEN7@outlook.com,1,05/24/2021
Q7cRT1,46816824acb5d9762954231a658c57ba1a8ca359bfade84d1c71eee8360f3074,2WAr73o@outlook.com,1,09/15/2020
43IBv,6c4926598ee3e95acdd5e7283a1047eb45386d307ab34ee37a4edad1c74cc8f4,DweGE@outlook.com,1,10/14/2018
qoLf,1cfcc0add58c2ba836898d5c455823ed4367212f94189e66053b47a79ab338e5,aiDz@outlook.com,0,06/26/2020
vh9ujrF,1a7870e8bd1bf5b5f5507616bbbda9654abc524929d99e9fbcd06caba1113687,Csw@126.com,0,01/24/2021
lFK,ed9a5581fb51df326d4d36721337d8e478b877fdbaba61e2294edd53a4cf2c78,XHr72Ud@gmail.com,1,04/07/2021
d1a,b9bbf5c81fa2a1a9fc06a6b9bed76e4eb5d734bf2836deb7d95eb0826b39da56,adv@outlook.com,1,07/07/2019
fv7I,1433c7b5fd5d7a5088f38acccb30668c573300e5f1233a58b5b507caf5e9832a,emiKDG@163.com,1,01/05/2021
FoeAgRs,4a3bbd09c75818533a6094870296e97b348ab4805cbf1129ffdb1a1c8cc0bfa0,PhNb@163.com,0,11/13/2018
pZliYx,8abc3e890ea2a716cff117b6e670924ad87cb2de392451d47f8d7fde19754d14,y6pdPB@qq.com,1,04/21/2021
MLOP9R,88c2aa30a396458a5ab59829d9acd1ac2514bf8f048be16eb07d4de09aacc27c,gjP@qq.com,0,02/20/2020
fu5Oinad,4ffa94a994ad5ee8e96b04eed6a2b1dead204d6260a9593e17721d55e33416d7,ZMFU@qq.com,1,11/25/2018
YEQw1,17bd483ade4886fca9a83a37c5afd8e4ac5fb0f23149e194dfe0bc10706fabc0,IF3a@gmail.com,1,12/16/2020
B0p8,4020f985d2f932ca6c77a948ccb0aaf1e79a2d2ac4ba09330e6b331b0ed849c8,Fifhsb@outlook.com,1,07/13/2019
V5lQhYf,02332978262fa3cff06d8ad0172f20ac7ebfcd9fca4cd94f1356b8f6ae2be823,rAO3w@126.com,1,08/07/2020
xPBGZ2t,be9cbb50e8c3e2f22cd4ca28daa868c0f3f0e5a0e68a2154abf76613f7413a25,DKep6r@163.com,1,10/31/2018
ucG,e4b85260cb3012bca151f7313107e8cca8b5ceb4ad23c900f2f8d5cfe7553127,4Kl4JY9@outlook.com,0,12/03/2018
ogw,866e74f3f94ff4507c46743bf83e65899c32040db72a9bf9daabed2a5f192e9d,jg40TpqE@gmail.com,1,05/06/2020
XxqMMG,ec6daabb4f1706f81eea703d6526b49428e37038e0dc84310d5c8736ba946ad8,AOt@gmail.com,1,11/18/2018
cDu1,8602ed1e838e38c20a3e0a939eceb4920e92c7b9033d50f6d25367e27b96388f,FMa@126.com,0,03/04/2019
KmJcj8v,224253a67ceb32ad1c9fff85f86b1f8746e8314bdd0c851340f1aa743d2dfbd2,7fmlLOJw@163.com,0,04/20/2020
TSOpjk4,2f0ecdc31e6dfcc5e0b0a73bf1b85be2406f57d8c9dab77a2fa9a936288c694e,Qqz@gmail.com,0,10/09/2019
Hkl,f06852c6e7eec865eee76ffe4c1f1b692af01ccfc2cbee43d4d3324578947eb3,iPhN4fx@163.com,1,11/27/2020
yMPa,1e53399ef02221eed620d21f67dd38a1ef6372e206b009cc70a88f6c23c85213,RZx39Y5g@126.com,1,12/17/2018
8OK,d6ea9afb2aa86cef17f35615a7199459f1b6588aae419201a1f172650708065e,u7NWqDu@126.com,0,04/06/2019
CjS9ub,dff8f09d7523c5973d165872221b6627f4086531fc18cc21ec0666777d5bed4e,AcpuGM@outlook.com,0,11/12/2020
c32Cg,c1d418c1d830050561c704f2b84047ff714cddadaf92e60603f8a6cd407163b9,b5K3@126.com,0,02/28/2019
NwaWYX,c5ea3a7dd58692de8696013eb5505690811ca2748df61573cb98d025d47e44b8,SOiFxM1@qq.com,1,08/17/2020
Yo7,5aa66aca5cce35251c6cdab3a791da11a7a5d277d1a2a16c865b5df9327ce8b4,0LZ@126.com,0,06/16/2019
69gcU,d2e02338cca4087c994c56d34fd21ced16ae9bb474c4b531580ddf39800c0181,mw7Cqj@163.com,0,12/19/2018
njmzD,51804015088c3d55e75ded7aa400be5b3e13a8d44d00359592ff6034f2f05e25,qGMrp@163.com,1,01/24/2020
laLSB,6e823d2ce8ad52f3f43df3624375d2ff5d2064d49894975a3cd1778ee8922052,b4j@126.com,0,01/01/2020
87P65Y,3f33a33dee92e96896668db058438b9cfbaa9b858c546764214220cd103067c7,bEWK6@126.com,0,11/02/2020
9IfSgFP,ab7e7c329c0c6b7047ce1bfd51e9da61beb910ad6f42f75a1003d2d3cd637a3e,HhkY@gmail.com,0,03/26/2019
LS1F,31dad1df7ed2c848681d9a00fe878e8948be45c25a068f104053bc0fa0176c3d,ImOdzE0B@gmail.com,1,04/03/2021
ath9LA8T,50ea82776d0fd28a8ff34456c00b69ed0a051eb3d5f19450701fa32c08afe3fa,Zdb3oyvo@gmail.com,0,05/06/2021
ZsUq,7bb9c8fd79246e149641b8fac2b3483e6dae38becd16ac2ccc368e9776d29355,yG7iL@outlook.com,0,09/05/2020
vSY5g,f0ebad70fae84888060b258d5465a721adaccbe77322236d3f84a69b577cd085,K54@gmail.com,1,11/10/2019
lkIn,72fb4508b6dbfc3c04ce6b28061e5f9205bd8957dce07e24a748c7a0d09e46f5,zc3W@outlook.com,0,02/24/2020
cUF,7b84f232be05e15b4925dd23b3ef02916d6c6a93cc7e5530c4665e8f45f226b3,tBTm@outlook.com,1,02/11/2019
